Time (s),Humidity (%)
0.252657414,66.79004
1.250904083,65.79004
2.251629829,66.75977
3.252357483,66.11816
4.250609875,65.98926
5.251342773,65.86914
6.252075672,66.30762
7.252811432,65.64258
8.251071453,66.01172
9.251810551,65.90332
10.252551079,64.6582
